<?xml version="1.0" encoding="UTF-8"?>
<!DOCTYPE suite SYSTEM "http://testng.org/testng-1.0.dtd">
<suite name="RStudio Automated Tests">
    <test name="RStudio Release Lib Tests">
        <classes>
            <class name="org.rstudio.domaintests.RStudioTestCases">
                <methods>
                    <include name="createSpace"/>
                    <include name="createProjectWithinSpace"/>
                </methods>
            </class>
        </classes>
    </test>
</suite>